Invoice Number,Client Name,Status,Issue Date,Due Date,Billing Period,Total Amount,Group Code,Payment Terms (Days),Version,Revised,Created At
HC03-5810032,RollBar Inc,SENT,"Mar 03, 2026","Mar 06, 2026","Feb 23 - Mar 1, 2026",$ 795.00 ,-,3,1,No,"Mar 03, 2026 09:12"
HC03-9510051,Fanatics Live,SENT,"Mar 02, 2026","Apr 16, 2026","Mar 1-31, 2026","$ 1,280.00 ",FC-PWCC-AT(02),45,,No,"Mar 02, 2026 16:26"
HC03-8760090,Fanatics Collectibles,SENT,"Mar 02, 2026","Apr 16, 2026","Mar 1-31, 2026","$ 8,700.00 ",FC-ENG-PLAT(02),45,,No,"Mar 03, 2026 09:47"
HC03-9420007,Televisa Univision,SENT,"Mar 02, 2026","Apr 16, 2026","Mar 1-31, 2026","$ 1,327.16 ",,45,1,No,"Mar 02, 2026 14:54"
HC03-8760089,Fanatics Collectibles,SENT,"Mar 02, 2026","Apr 16, 2026","Mar 1-31, 2026","$ 7,400.00 ",FC-ENG-AI(02),45,,No,"Mar 03, 2026 09:47"
HC03-1990003,Pickle,SENT,"Mar 01, 2026","Mar 11, 2026","Mar 1-31, 2026","$ 8,100.00 ",Pickle,10,1,No,"Feb 24, 2026 15:54"
HC03-9510048,Fanatics Live,SENT,"Mar 01, 2026","Apr 15, 2026","Mar 1-31, 2026","$ 18,750.00 ",FC-LIVE-DE,45,1,No,"Feb 24, 2026 15:54"
HC03-3450009,Ritual,SENT,"Mar 01, 2026","Mar 31, 2026","Mar 1-31, 2026","$ 18,920.00 ",Ritual,30,2,Yes,"Feb 24, 2026 15:54"
HC03-3840017,Jiffy,SENT,"Mar 01, 2026","Mar 26, 2026","Mar 1-31, 2026","$ 61,947.96 ",Jiffy,25,2,Yes,"Feb 24, 2026 15:54"
HC03-8760078,Fanatics Collectibles,SENT,"Mar 01, 2026","Apr 15, 2026","Mar 1-31, 2026","$ 7,700.00 ",FC-PM-PLAT,45,1,No,"Feb 26, 2026 13:06"
HC03-8760079,Fanatics Collectibles,SENT,"Mar 01, 2026","Apr 15, 2026","Mar 1-31, 2026","$ 14,300.00 ",FC-TD-UX,45,1,No,"Feb 26, 2026 13:06"
HC03-1170007,Telly,SENT,"Mar 01, 2026","Mar 22, 2026","Mar 1-31, 2026","$ 34,400.00 ",Telly,21,1,No,"Feb 24, 2026 15:54"
HC03-8760080,Fanatics Collectibles,SENT,"Mar 01, 2026","Apr 15, 2026","Mar 1-31, 2026","$ 15,650.00 ",FC-PM-NCF,45,1,No,"Feb 26, 2026 13:06"
HC03-8760081,Fanatics Collectibles,SENT,"Mar 01, 2026","Apr 15, 2026","Mar 1-31, 2026","$ 9,000.00 ",FC-PM-DATA,45,1,No,"Feb 26, 2026 13:06"
HC03-5620007,Commerce Casino & Hotel,SENT,"Mar 01, 2026","Mar 11, 2026","Mar 1-31, 2026","$ 3,590.00 ",Commerce Casino & Hotel,10,1,No,"Feb 24, 2026 15:54"
HC03-8760082,Fanatics Collectibles,SENT,"Mar 01, 2026","Apr 15, 2026","Mar 1-31, 2026","$ 62,890.00 ",FC-ENG-FIN,45,1,No,"Feb 26, 2026 13:06"
HC03-9510049,Fanatics Live,SENT,"Mar 01, 2026","Apr 15, 2026","Mar 1-31, 2026","$ 11,810.91 ",FC-PWCC-AT,45,5,Yes,"Feb 24, 2026 15:54"
HC03-9510047,Fanatics Live,SENT,"Mar 01, 2026","Apr 15, 2026","Mar 1-31, 2026","$ 8,800.00 ",FC-SPV-DE,45,1,No,"Feb 24, 2026 15:54"
HC03-8970007,FabFitFun,SENT,"Mar 01, 2026","Mar 29, 2026","Mar 1-31, 2026","$ 6,500.00 ",FabFitFun,28,1,No,"Feb 24, 2026 15:54"
HC03-8760083,Fanatics Collectibles,SENT,"Mar 01, 2026","Apr 15, 2026","Mar 1-31, 2026","$ 6,768.61 ",FC-SEC-LEG,45,1,No,"Feb 26, 2026 13:06"
HC03-1830007,LA Foods,SENT,"Mar 01, 2026","Mar 22, 2026","Mar 1-31, 2026","$ 3,000.00 ",LA Foods,21,1,No,"Feb 24, 2026 15:54"
HC03-5140007,Serve Robotics,SENT,"Mar 01, 2026","Mar 11, 2026","Mar 1-31, 2026","$ 8,000.00 ",Serve Robotics,10,1,No,"Feb 24, 2026 15:54"
HC03-9510046,Fanatics Live,SENT,"Mar 01, 2026","Apr 15, 2026","Mar 1-31, 2026","$ 8,400.00 ",FC-BIZ-OPS,45,1,No,"Feb 24, 2026 15:54"
HC03-9030007,Music Infra,SENT,"Mar 01, 2026","Mar 22, 2026","Mar 1-31, 2026","$ 8,400.00 ",Music Infra,21,1,No,"Feb 24, 2026 15:54"
HC03-4170012,Tala,SENT,"Mar 01, 2026","Mar 11, 2026","Mar 1-31, 2026","$ 40,643.20 ",Tala,10,5,Yes,"Feb 24, 2026 15:54"
HC03-7310013,Hello Noemie,PAID,"Mar 01, 2026","Mar 11, 2026","Mar 1-31, 2026","$ 4,225.98 ",Hello Noemie,10,1,No,"Feb 24, 2026 15:54"
HC03-8760084,Fanatics Collectibles,SENT,"Mar 01, 2026","Apr 15, 2026","Mar 1-31, 2026","$ 68,625.00 ",FC-ENG-NCF,45,1,No,"Feb 26, 2026 13:06"
HC03-8760085,Fanatics Collectibles,SENT,"Mar 01, 2026","Apr 15, 2026","Mar 1-31, 2026","$ 11,955.00 ",FC-DATA-DS,45,1,No,"Feb 26, 2026 13:06"
HC03-9510050,Fanatics Live,SENT,"Mar 01, 2026","Apr 15, 2026","Mar 1-31, 2026","$ 49,393.19 ",FC-LIVE-DA,45,1,No,"Feb 24, 2026 15:54"
HC03-8760086,Fanatics Collectibles,SENT,"Mar 01, 2026","Apr 15, 2026","Mar 1-31, 2026","$ 26,322.73 ",FC-ENG-PLAT,45,1,No,"Feb 26, 2026 13:06"
HC03-1020008,Recess,SENT,"Mar 01, 2026","Mar 16, 2026","Mar 1-31, 2026","$ 7,000.00 ",Recess,15,1,No,"Feb 24, 2026 15:54"
HC03-7800007,Outpost,SENT,"Mar 01, 2026","Mar 11, 2026","Mar 1-31, 2026","$ 8,400.00 ",Outpost,10,1,No,"Feb 24, 2026 15:54"
HC03-8760087,Fanatics Collectibles,SENT,"Mar 01, 2026","Apr 15, 2026","Mar 1-31, 2026","$ 17,100.00 ",FC-DATA-DE,45,1,No,"Feb 26, 2026 13:06"
HC03-3180008,Chptr,SENT,"Mar 01, 2026","Mar 11, 2026","Mar 1-31, 2026","$ 17,300.00 ",Chptr,10,1,No,"Feb 24, 2026 15:54"
HC03-8760088,Fanatics Collectibles,SENT,"Mar 01, 2026","Apr 15, 2026","Mar 1-31, 2026","$ 27,840.00 ",FC-PP-RET,45,1,No,"Feb 26, 2026 13:06"
HC03-9510045,Fanatics Live,SENT,"Mar 01, 2026","Apr 15, 2026","Mar 1-31, 2026","$ 11,400.00 ",FC-LIVE-DH,45,1,No,"Feb 24, 2026 15:54"
HC03-3710007,"Aura Intelligence, Inc",SENT,"Mar 01, 2026","Mar 11, 2026","Mar 1-31, 2026","$ 15,959.09 ","Aura Intelligence, Inc",10,2,Yes,"Feb 24, 2026 15:54"
HC02-9510044,Fanatics Live,SENT,"Feb 25, 2026","Apr 11, 2026","Feb 1-28, 2026","$ 7,411.68 ",,45,1,No,"Feb 25, 2026 10:08"
HC02-4170011,Tala,SENT,"Feb 25, 2026","Mar 07, 2026","Feb 1-28, 2026",$ 301.81 ,,10,1,No,"Feb 25, 2026 10:23"
HC02-5810031,RollBar Inc,OVERDUE,"Feb 24, 2026","Feb 27, 2026","Feb 16-22, 2026",$ 543.25 ,-,3,1,No,"Feb 24, 2026 11:30"
HC02-8760077,Fanatics Collectibles,PAID,"Feb 23, 2026","Apr 09, 2026","Feb 1-28, 2026","$ 2,450.00 ",FC-ENG-NCF(23),45,1,No,"Feb 23, 2026 11:07"
HC02-9510043,Fanatics Live,SENT,"Feb 23, 2026","Apr 09, 2026","Feb 1-28, 2026","$ 2,200.00 ",FC-SPV-DE(23),45,,No,"Feb 23, 2026 16:06"
HC02-5810030,RollBar Inc,OVERDUE,"Feb 17, 2026","Feb 20, 2026","Feb 9-15, 2026",$ 810.08 ,-,3,1,No,"Feb 17, 2026 10:04"
HC02-5810029,RollBar Inc,PAID,"Feb 12, 2026","Feb 27, 2026","Feb 1-28, 2026","($ 1,931.25)",,15,1,No,"Feb 12, 2026 10:57"
HC02-8760076,Fanatics Collectibles,PAID,"Feb 10, 2026","Mar 27, 2026","Feb 1-28, 2026","$ 6,510.00 ",FC-ENG-FIN(10),45,1,No,"Feb 01, 2026 07:00"
HC02-5810028,RollBar Inc,PAID,"Feb 03, 2026","Feb 06, 2026","Jan 26 - Feb 1, 2026",$ 540.07 ,-,3,1,No,"Feb 03, 2026 10:16"
HC02-8760075,Fanatics Collectibles,PAID,"Feb 03, 2026","Mar 20, 2026","Feb 1-28, 2026","$ 17,100.00 ",FC-ENG-FIN(03),45,1,No,"Feb 01, 2026 07:00"
HC02-8760074,Fanatics Collectibles,PAID,"Feb 02, 2026","Mar 19, 2026","Feb 1-28, 2026","$ 8,700.00 ",FC-ENG-NCF(02),45,1,No,"Feb 01, 2026 07:00"
HC02-9510042,Fanatics Live,SENT,"Feb 02, 2026","Mar 19, 2026","Feb 1-28, 2026","$ 2,560.00 ",FC-PWCC-AT(02),45,1,No,"Jan 30, 2026 11:40"
HC02-4170010,Tala,PAID,"Feb 02, 2026","Feb 12, 2026","Feb 1-28, 2026","$ 1,125.00 ",Tala,10,2,Yes,"Feb 02, 2026 10:34"
HC02-3710006,"Aura Intelligence, Inc",PAID,"Feb 01, 2026","Feb 11, 2026","Feb 1-28, 2026","$ 21,800.00 ","Aura Intelligence, Inc",10,1,No,"Jan 30, 2026 10:25"
HC02-9510041,Fanatics Live,SENT,"Feb 01, 2026","Mar 18, 2026","Feb 1-28, 2026","$ 11,400.00 ",FC-LIVE-DH,45,1,No,"Jan 30, 2026 11:40"
HC02-5140006,Serve Robotics,PAID,"Feb 01, 2026","Feb 11, 2026","Feb 1-28, 2026","$ 8,000.00 ",Serve Robotics,10,1,No,"Jan 30, 2026 10:25"
HC02-7310012,Hello Noemie,PAID,"Feb 01, 2026","Feb 11, 2026","Feb 1-28, 2026","$ 4,812.60 ",Hello Noemie,10,1,No,"Jan 30, 2026 11:18"
HC02-9510039,Fanatics Live,PAID,"Feb 01, 2026","Mar 18, 2026","Feb 1-28, 2026","$ 8,000.00 ",FC-BIZ-OPS,45,1,No,"Jan 30, 2026 11:40"
HC02-8760066,Fanatics Collectibles,PAID,"Feb 01, 2026","Mar 18, 2026","Feb 1-28, 2026","$ 35,590.00 ",FC-ENG-FIN,45,1,No,"Jan 30, 2026 10:25"
HC02-3450008,Ritual,PAID,"Feb 01, 2026","Mar 03, 2026","Feb 1-28, 2026","$ 19,586.00 ",Ritual,30,1,No,"Jan 30, 2026 10:25"
HC02-8760064,Fanatics Collectibles,PAID,"Feb 01, 2026","Mar 18, 2026","Feb 1-28, 2026","$ 17,100.00 ",FC-DATA-DE,45,1,No,"Jan 30, 2026 10:25"
HC02-1170006,Telly,PAID,"Feb 01, 2026","Feb 22, 2026","Feb 1-28, 2026","$ 34,400.00 ",Telly,21,1,No,"Jan 30, 2026 10:25"
HC02-3180007,Chptr,PAID,"Feb 01, 2026","Feb 11, 2026","Feb 1-28, 2026","$ 17,300.00 ",Chptr,10,1,No,"Jan 30, 2026 10:25"
HC02-8760072,Fanatics Collectibles,PAID,"Feb 01, 2026","Mar 18, 2026","Feb 1-28, 2026","$ 28,550.00 ",FC-ENG-PLAT,45,1,No,"Jan 30, 2026 10:25"
HC02-5620006,Commerce Casino & Hotel,PAID,"Feb 01, 2026","Feb 11, 2026","Feb 1-28, 2026","$ 3,590.00 ",Commerce Casino & Hotel,10,1,No,"Jan 30, 2026 10:25"
HC02-9510040,Fanatics Live,PAID,"Feb 01, 2026","Mar 18, 2026","Feb 1-28, 2026","$ 9,300.00 ",FC-DATA-DE,45,1,No,"Jan 30, 2026 11:40"
HC02-8760071,Fanatics Collectibles,PAID,"Feb 01, 2026","Mar 18, 2026","Feb 1-28, 2026","$ 14,300.00 ",FC-TD-UX,45,1,No,"Jan 30, 2026 10:25"
HC02-8970006,FabFitFun,PAID,"Feb 01, 2026","Mar 01, 2026","Feb 1-28, 2026","$ 6,500.00 ",FabFitFun,28,1,No,"Jan 30, 2026 10:25"
HC02-8760070,Fanatics Collectibles,PAID,"Feb 01, 2026","Mar 18, 2026","Feb 1-28, 2026","$ 9,000.00 ",FC-PM-DATA,45,1,No,"Jan 30, 2026 10:25"
HC02-8760069,Fanatics Collectibles,PAID,"Feb 01, 2026","Mar 18, 2026","Feb 1-28, 2026","$ 49,700.00 ",FC-ENG-NCF,45,1,No,"Jan 30, 2026 10:25"
HC02-9510038,Fanatics Live,SENT,"Feb 01, 2026","Mar 18, 2026","Feb 1-28, 2026","$ 52,484.56 ",FC-LIVE-DA,45,1,No,"Jan 30, 2026 11:40"
HC02-9870006,Hiptrain,OVERDUE,"Feb 01, 2026","Mar 03, 2026","Feb 1-28, 2026","$ 1,500.00 ",,30,1,No,"Feb 04, 2026 16:25"
HC02-8760063,Fanatics Collectibles,PAID,"Feb 01, 2026","Mar 18, 2026","Feb 1-28, 2026","$ 7,981.26 ",FC-SEC-LEG,45,1,No,"Jan 30, 2026 10:25"
HC02-9510037,Fanatics Live,PAID,"Feb 01, 2026","Mar 18, 2026","Feb 1-28, 2026","$ 18,750.00 ",FC-LIVE-DE,45,1,No,"Jan 30, 2026 11:40"
HC02-8760065,Fanatics Collectibles,PAID,"Feb 01, 2026","Mar 18, 2026","Feb 1-28, 2026","$ 11,955.00 ",FC-DATA-DS,45,1,No,"Jan 30, 2026 10:25"
HC02-8760073,Fanatics Collectibles,PAID,"Feb 01, 2026","Mar 18, 2026","Feb 1-28, 2026","$ 27,932.75 ",FC-PP-RET,45,1,No,"Jan 30, 2026 10:25"
HC02-8760068,Fanatics Collectibles,PAID,"Feb 01, 2026","Mar 18, 2026","Feb 1-28, 2026","$ 6,500.00 ",FC-PM-PLAT,45,1,No,"Jan 30, 2026 10:25"
HC02-2080006,Sports Info Solutions,PAID,"Feb 01, 2026","Feb 16, 2026","Feb 1-28, 2026","$ 18,530.00 ",Sports Info Solutions,15,1,No,"Jan 30, 2026 10:25"
HC02-1830006,LA Foods,PAID,"Feb 01, 2026","Feb 22, 2026","Feb 1-28, 2026","$ 3,000.00 ",LA Foods,21,1,No,"Jan 30, 2026 10:25"
HC02-4170009,Tala,PAID,"Feb 01, 2026","Feb 11, 2026","Feb 1-28, 2026","$ 35,337.20 ",Tala,10,4,Yes,"Jan 30, 2026 10:25"
HC02-3840016,Jiffy,PAID,"Feb 01, 2026","Feb 26, 2026","Feb 1-28, 2026","$ 59,989.63 ",Jiffy,25,1,No,"Jan 30, 2026 10:25"
HC02-9030006,Music Infra,PAID,"Feb 01, 2026","Feb 22, 2026","Feb 1-28, 2026","$ 8,300.00 ",Music Infra,21,1,No,"Jan 30, 2026 10:25"
HC02-1990002,Pickle,PAID,"Feb 01, 2026","Feb 11, 2026","Feb 1-28, 2026","$ 8,100.00 ",Pickle,10,1,No,"Jan 30, 2026 10:25"
HC02-5810027,RollBar Inc,PAID,"Feb 01, 2026","Feb 16, 2026","Feb 1-28, 2026","$ 7,725.00 ",RollBar Inc,15,1,No,"Jan 30, 2026 10:25"
HC02-8760067,Fanatics Collectibles,PAID,"Feb 01, 2026","Mar 18, 2026","Feb 1-28, 2026","$ 15,650.00 ",FC-PM-NCF,45,1,No,"Jan 30, 2026 10:25"
HC02-7800006,Outpost,PAID,"Feb 01, 2026","Feb 11, 2026","Feb 1-28, 2026","$ 8,400.00 ",Outpost,10,1,No,"Jan 30, 2026 10:25"
HC02-1020007,Recess,PAID,"Feb 01, 2026","Feb 16, 2026","Feb 1-28, 2026","$ 7,000.00 ",Recess,15,1,No,"Jan 30, 2026 10:25"
HC02-9510036,Fanatics Live,SENT,"Feb 01, 2026","Mar 18, 2026","Feb 1-28, 2026","$ 10,560.00 ",FC-PWCC-AT,45,1,No,"Jan 30, 2026 11:40"
HC01-4170008,Tala,PAID,"Jan 30, 2026","Feb 09, 2026","Jan 1-31, 2026","$ 2,520.67 ",,10,1,No,"Jan 30, 2026 17:10"
HC01-9510035,Fanatics Live,SENT,"Jan 26, 2026","Mar 12, 2026","Jan 1-31, 2026",$ 290.91 ,FC-PWCC-AT(26),45,1,No,"Jan 26, 2026 11:05"
HC01-5810026,RollBar Inc,PAID,"Jan 20, 2026","Jan 23, 2026","Jan 12-18, 2026",$ 530.00 ,-,3,1,No,"Jan 20, 2026 09:41"
HC01-5810025,RollBar Inc,PAID,"Jan 13, 2026","Jan 16, 2026","Jan 5-11, 2026",$ 536.36 ,-,3,1,No,"Jan 13, 2026 11:18"
HC01-1990001,Pickle,PAID,"Jan 07, 2026","Jan 17, 2026","Jan 1-31, 2026","$ 6,627.27 ",Pickle,10,,No,"Jan 05, 2026 14:35"
HC01-5810024,RollBar Inc,PAID,"Jan 06, 2026","Jan 09, 2026","Dec 29, 2025 - Jan 4, 2026",$ 530.00 ,-,3,1,No,"Jan 06, 2026 11:06"
HC01-3180006,Chptr,PAID,"Jan 06, 2026","Jan 16, 2026","Jan 1-31, 2026","$ 8,377.27 ",Chptr,10,1,No,"Dec 29, 2025 08:55"
HC01-7310011,Hello Noemie,PAID,"Jan 05, 2026","Jan 15, 2026","Jan 1-31, 2026","$ 2,877.27 ",Hello Noemie,10,1,No,"Jan 02, 2026 10:24"
HC01-9510033,Fanatics Live,PAID,"Jan 01, 2026","Feb 15, 2026","Jan 1-31, 2026","$ 11,400.00 ",FC-LIVE-DH,45,1,No,"Dec 29, 2025 08:55"
HC01-8760062,Fanatics Collectibles,PAID,"Jan 01, 2026","Feb 15, 2026","Jan 1-31, 2026","$ 31,453.85 ",FC-PP-RET,45,1,No,"Dec 30, 2025 09:13"
HC01-7310010,Hello Noemie,PAID,"Jan 01, 2026","Jan 11, 2026","Jan 1-31, 2026",$ 978.48 ,Hello Noemie,10,2,Yes,"Jan 05, 2026 14:00"
HC01-1170005,Telly,PAID,"Jan 01, 2026","Jan 22, 2026","Jan 1-31, 2026","$ 34,400.00 ",Telly,21,1,No,"Dec 29, 2025 08:55"
HC01-3840015,Jiffy,PAID,"Jan 01, 2026","Jan 26, 2026","Jan 1-31, 2026","($ 1,413.04)",,25,1,No,"Jan 15, 2026 10:09"
HC01-5140005,Serve Robotics,PAID,"Jan 01, 2026","Jan 11, 2026","Jan 1-31, 2026","$ 8,000.00 ",Serve Robotics,10,1,No,"Dec 29, 2025 08:55"
HC01-8760056,Fanatics Collectibles,PAID,"Jan 01, 2026","Feb 15, 2026","Jan 1-31, 2026","$ 14,300.00 ",FC-TD-UX,45,1,No,"Dec 30, 2025 09:13"
HC01-2080005,Sports Info Solutions,PAID,"Jan 01, 2026","Jan 16, 2026","Jan 1-31, 2026","$ 8,840.00 ",Sports Info Solutions,15,1,No,"Dec 29, 2025 08:55"
HC01-8760057,Fanatics Collectibles,PAID,"Jan 01, 2026","Feb 15, 2026","Jan 1-31, 2026","$ 17,100.00 ",FC-DATA-DE,45,1,No,"Dec 30, 2025 09:13"
HC01-5620005,Commerce Casino & Hotel,PAID,"Jan 01, 2026","Jan 11, 2026","Jan 1-31, 2026","$ 3,590.00 ",Commerce Casino & Hotel,10,1,No,"Dec 29, 2025 08:55"
HC01-3840014,Jiffy,PAID,"Jan 01, 2026","Jan 26, 2026","Jan 1-31, 2026","$ 58,265.00 ",Jiffy,25,2,Yes,"Dec 29, 2025 08:55"
HC01-9030005,Music Infra,PAID,"Jan 01, 2026","Jan 22, 2026","Jan 1-31, 2026","$ 8,300.00 ",Music Infra,21,1,No,"Dec 29, 2025 08:55"
HC01-9510030,Fanatics Live,PAID,"Jan 01, 2026","Feb 15, 2026","Jan 1-31, 2026","$ 9,300.00 ",FC-DATA-DE,45,1,No,"Dec 29, 2025 08:55"
HC01-8760061,Fanatics Collectibles,PAID,"Jan 01, 2026","Feb 15, 2026","Jan 1-31, 2026","$ 49,700.00 ",FC-ENG-NCF,45,1,No,"Dec 30, 2025 09:13"
HC01-8760052,Fanatics Collectibles,PAID,"Jan 01, 2026","Feb 15, 2026","Jan 1-31, 2026","$ 14,695.46 ",FC-PM-NCF,45,1,No,"Dec 30, 2025 09:13"
HC01-1020006,Recess,PAID,"Jan 01, 2026","Jan 16, 2026","Jan 1-31, 2026","$ 6,600.00 ",Recess,15,1,No,"Dec 29, 2025 08:55"
HC01-9510031,Fanatics Live,PAID,"Jan 01, 2026","Feb 15, 2026","Jan 1-31, 2026","$ 18,750.00 ",FC-LIVE-DE,45,1,No,"Dec 29, 2025 08:55"
HC01-3450007,Ritual,PAID,"Jan 01, 2026","Jan 31, 2026","Jan 1-31, 2026","$ 20,659.00 ",Ritual,30,1,No,"Dec 29, 2025 08:55"
HC01-8760058,Fanatics Collectibles,PAID,"Jan 01, 2026","Feb 15, 2026","Jan 1-31, 2026","$ 6,500.00 ",FC-PM-PLAT,45,1,No,"Dec 30, 2025 09:13"
HC01-9870005,Hiptrain,OVERDUE,"Jan 01, 2026","Jan 31, 2026","Jan 1-31, 2026","$ 1,500.00 ",,30,1,No,"Feb 04, 2026 16:24"
HC01-8760060,Fanatics Collectibles,PAID,"Jan 01, 2026","Feb 15, 2026","Jan 1-31, 2026","$ 28,550.00 ",FC-ENG-PLAT,45,1,No,"Dec 30, 2025 09:13"
HC01-9510029,Fanatics Live,PAID,"Jan 01, 2026","Feb 15, 2026","Jan 1-31, 2026","$ 8,000.00 ",FC-BIZ-OPS,45,1,No,"Dec 29, 2025 08:55"
HC01-9510032,Fanatics Live,PAID,"Jan 01, 2026","Feb 15, 2026","Jan 1-31, 2026","$ 10,356.36 ",FC-PWCC-AT,45,1,No,"Dec 29, 2025 08:55"
HC01-1830005,LA Foods,PAID,"Jan 01, 2026","Jan 22, 2026","Jan 1-31, 2026","$ 3,000.00 ",LA Foods,21,1,No,"Dec 29, 2025 08:55"
HC01-8760059,Fanatics Collectibles,PAID,"Jan 01, 2026","Feb 15, 2026","Jan 1-31, 2026","$ 11,955.00 ",FC-DATA-DS,45,1,No,"Dec 30, 2025 09:13"
HC01-9510034,Fanatics Live,PAID,"Jan 01, 2026","Feb 15, 2026","Jan 1-31, 2026","$ 46,054.55 ",FC-LIVE-DA,45,1,No,"Dec 29, 2025 08:55"
HC01-4170007,Tala,PAID,"Jan 01, 2026","Jan 11, 2026","Jan 1-31, 2026","$ 47,119.00 ",Tala,10,4,Yes,"Jan 01, 2026 09:56"
HC01-8970005,FabFitFun,PAID,"Jan 01, 2026","Jan 29, 2026","Jan 1-31, 2026","$ 6,500.00 ",FabFitFun,28,1,No,"Dec 29, 2025 08:55"
HC01-7800005,Outpost,PAID,"Jan 01, 2026","Jan 11, 2026","Jan 1-31, 2026","$ 8,400.00 ",Outpost,10,1,No,"Dec 29, 2025 08:55"
HC01-8760055,Fanatics Collectibles,PAID,"Jan 01, 2026","Feb 15, 2026","Jan 1-31, 2026","$ 6,500.00 ",FC-SEC-LEG,45,1,No,"Dec 30, 2025 09:13"
HC01-5810023,RollBar Inc,PAID,"Jan 01, 2026","Jan 16, 2026","Jan 1-31, 2026","$ 7,725.00 ",RollBar Inc,15,1,No,"Dec 29, 2025 08:55"
HC01-3180005,Chptr,PAID,"Jan 01, 2026","Jan 11, 2026","Jan 1-31, 2026","$ 7,600.00 ",Chptr,10,1,No,"Dec 29, 2025 08:55"
HC01-8760054,Fanatics Collectibles,PAID,"Jan 01, 2026","Feb 15, 2026","Jan 1-31, 2026","$ 9,000.00 ",FC-PM-DATA,45,1,No,"Dec 30, 2025 09:13"
HC01-3710005,"Aura Intelligence, Inc",PAID,"Jan 01, 2026","Jan 11, 2026","Jan 1-31, 2026","$ 21,800.00 ","Aura Intelligence, Inc",10,1,No,"Dec 29, 2025 08:55"
HC01-8760053,Fanatics Collectibles,PAID,"Jan 01, 2026","Feb 15, 2026","Jan 1-31, 2026","$ 35,590.00 ",FC-ENG-FIN,45,1,No,"Dec 30, 2025 09:13"
HC12-5810022,RollBar Inc,PAID,"Dec 30, 2025","Jan 02, 2026","Dec 22-28, 2025",$ 545.90 ,-,3,1,No,"Dec 30, 2025 08:27"
HC12-8760051,Fanatics Collectibles,PAID,"Dec 30, 2025","Feb 13, 2026","Dec 1-31, 2025",$ 869.57 ,FC-ENG-FIN(30),45,,No,"Dec 30, 2025 08:57"
HC12-5810021,RollBar Inc,PAID,"Dec 23, 2025","Dec 26, 2025","Dec 15-21, 2025",$ 530.00 ,-,3,1,No,"Dec 23, 2025 09:44"
HC12-8760050,Fanatics Collectibles,PAID,"Dec 22, 2025","Feb 05, 2026","Dec 1-31, 2025","$ 2,956.52 ",FC-ENG-NCF(22),45,1,No,"Dec 22, 2025 10:18"
HC12-5810020,RollBar Inc,PAID,"Dec 16, 2025","Dec 19, 2025","Dec 8-14, 2025",$ 542.19 ,-,3,1,No,"Dec 16, 2025 10:10"
HC12-9420006,Televisa Univision,PAID,"Dec 10, 2025","Jan 24, 2026","Jan 1 - Jun 30, 2026","$ 76,695.20 ",,45,1,No,"Dec 10, 2025 16:24"
HC12-5810019,RollBar Inc,PAID,"Dec 09, 2025","Dec 12, 2025","Dec 1-7, 2025",$ 548.55 ,-,3,1,No,"Dec 09, 2025 10:01"
HC12-3450006,Ritual,PAID,"Dec 08, 2025","Jan 07, 2026","Dec 1-31, 2025","$ 6,260.87 ",Ritual,30,1,No,"Dec 01, 2025 10:22"
HC12-8760049,Fanatics Collectibles,PAID,"Dec 08, 2025","Jan 22, 2026","Dec 1-31, 2025","$ 7,434.78 ",FC-ENG-NCF(08),45,1,No,"Dec 01, 2025 11:53"
HC12-5810018,RollBar Inc,PAID,"Dec 02, 2025","Dec 05, 2025","Nov 24-30, 2025",$ 531.06 ,-,3,1,No,"Dec 02, 2025 10:40"
HC12-8760037,Fanatics Collectibles,PAID,"Dec 01, 2025","Jan 15, 2026","Dec 1-31, 2025","$ 27,840.00 ",FC-PP-RET,45,1,No,"Dec 01, 2025 11:53"
HC12-9030004,Music Infra,PAID,"Dec 01, 2025","Dec 22, 2025","Dec 1-31, 2025","$ 10,037.35 ",Music Infra,21,1,No,"Dec 01, 2025 10:22"
HC12-4290005,Studio,OVERDUE,"Dec 01, 2025","Dec 31, 2025","Dec 1-31, 2025","$ 19,100.00 ",,30,1,No,"Jan 15, 2026 15:35"
HC12-3710004,"Aura Intelligence, Inc",PAID,"Dec 01, 2025","Dec 11, 2025","Dec 1-31, 2025","$ 21,800.00 ","Aura Intelligence, Inc",10,1,No,"Dec 01, 2025 10:22"
HC12-9510025,Fanatics Live,PAID,"Dec 01, 2025","Jan 15, 2026","Dec 1-31, 2025","$ 18,750.00 ",FC-LIVE-DE,45,1,No,"Dec 01, 2025 11:43"
HC12-7410004,Offsiteio,PAID,"Dec 01, 2025","Dec 31, 2025","Dec 1-31, 2025","$ 4,125.00 ",,30,1,No,"Jan 22, 2026 10:41"
HC12-3840013,Jiffy,PAID,"Dec 01, 2025","Dec 26, 2025","Dec 1-31, 2025","$ 75,439.22 ",Jiffy,25,1,No,"Dec 01, 2025 10:22"
HC12-5140004,Serve Robotics,PAID,"Dec 01, 2025","Dec 11, 2025","Dec 1-31, 2025","$ 8,000.00 ",Serve Robotics,10,2,Yes,"Dec 01, 2025 12:46"
HC12-8760038,Fanatics Collectibles,PAID,"Dec 01, 2025","Jan 15, 2026","Dec 1-31, 2025","$ 28,550.00 ",FC-ENG-PLAT,45,1,No,"Dec 01, 2025 11:53"
HC12-8760039,Fanatics Collectibles,PAID,"Dec 01, 2025","Jan 15, 2026","Dec 1-31, 2025","$ 9,000.00 ",FC-PM-DATA,45,1,No,"Dec 01, 2025 11:53"
HC12-9510026,Fanatics Live,PAID,"Dec 01, 2025","Jan 15, 2026","Dec 1-31, 2025","$ 8,000.00 ",FC-BIZ-OPS,45,1,No,"Dec 01, 2025 11:43"
HC12-7310009,Hello Noemie,PAID,"Dec 01, 2025","Dec 11, 2025","Dec 1-31, 2025",$ 900.00 ,,10,1,No,"Dec 01, 2025 11:01"
HC12-5620004,Commerce Casino & Hotel,PAID,"Dec 01, 2025","Dec 11, 2025","Dec 1-31, 2025","$ 3,590.00 ",Commerce Casino & Hotel,10,1,No,"Dec 01, 2025 10:22"
HC12-2080004,Sports Info Solutions,PAID,"Dec 01, 2025","Dec 16, 2025","Dec 1-31, 2025","$ 8,840.00 ",Sports Info Solutions,15,1,No,"Dec 01, 2025 10:22"
HC12-8760040,Fanatics Collectibles,PAID,"Dec 01, 2025","Jan 15, 2026","Dec 1-31, 2025","$ 25,590.00 ",FC-ENG-FIN,45,1,No,"Dec 01, 2025 11:53"
HC12-8760041,Fanatics Collectibles,PAID,"Dec 01, 2025","Jan 15, 2026","Dec 1-31, 2025","$ 6,500.00 ",FC-PM-PLAT,45,1,No,"Dec 01, 2025 11:53"
HC12-9510024,Fanatics Live,PAID,"Dec 01, 2025","Jan 15, 2026","Dec 1-31, 2025","$ 48,416.01 ",FC-LIVE-DA,45,1,No,"Dec 01, 2025 11:43"
HC12-9870004,Hiptrain,PAID,"Dec 01, 2025","Dec 31, 2025","Dec 1-31, 2025","$ 1,300.00 ",,30,1,No,"Jan 15, 2026 15:48"
HC12-9510027,Fanatics Live,PAID,"Dec 01, 2025","Jan 15, 2026","Dec 1-31, 2025","$ 11,400.00 ",FC-LIVE-DH,45,1,No,"Dec 01, 2025 11:43"
HC12-8760042,Fanatics Collectibles,PAID,"Dec 01, 2025","Jan 15, 2026","Dec 1-31, 2025","$ 8,310.00 ",FC-DATA-DS,45,1,No,"Dec 01, 2025 11:53"
HC12-9510023,Fanatics Live,PAID,"Dec 01, 2025","Jan 15, 2026","Dec 1-31, 2025","$ 7,905.00 ",FC-DATA-DE,45,1,No,"Dec 01, 2025 10:22"
HC12-4170006,Tala,PAID,"Dec 01, 2025","Dec 11, 2025","Dec 1-31, 2025","$ 52,136.00 ",,10,1,No,"Dec 01, 2025 11:18"
HC12-8760043,Fanatics Collectibles,PAID,"Dec 01, 2025","Jan 15, 2026","Dec 1-31, 2025","$ 15,650.00 ",FC-PM-NCF,45,1,No,"Dec 01, 2025 11:53"
HC12-8760044,Fanatics Collectibles,OVERDUE,"Dec 01, 2025","Jan 15, 2026","Dec 1-31, 2025","$ 6,500.00 ",FC-SEC-LEG,45,1,No,"Dec 01, 2025 11:53"
HC12-3180004,Chptr,PAID,"Dec 01, 2025","Dec 11, 2025","Dec 1-31, 2025","$ 7,600.00 ",Chptr,10,1,No,"Dec 01, 2025 10:22"
HC12-8760045,Fanatics Collectibles,PAID,"Dec 01, 2025","Jan 15, 2026","Dec 1-31, 2025","($ 3,850.00)",,45,1,No,"Dec 01, 2025 12:34"
HC12-1830004,LA Foods,PAID,"Dec 01, 2025","Dec 22, 2025","Dec 1-31, 2025","$ 3,000.00 ",LA Foods,21,1,No,"Dec 01, 2025 10:22"
HC12-5810017,RollBar Inc,PAID,"Dec 01, 2025","Dec 16, 2025","Dec 1-31, 2025","$ 7,725.00 ",RollBar Inc,15,1,No,"Dec 01, 2025 10:22"
HC12-8760046,Fanatics Collectibles,PAID,"Dec 01, 2025","Jan 15, 2026","Dec 1-31, 2025","$ 17,100.00 ",FC-DATA-DE,45,1,No,"Dec 01, 2025 11:53"
HC12-1020005,Recess,PAID,"Dec 01, 2025","Dec 16, 2025","Dec 1-31, 2025","$ 6,600.00 ",Recess,15,1,No,"Dec 01, 2025 10:22"
HC12-9420005,Televisa Univision,PAID,"Dec 01, 2025","Jan 15, 2026","Dec 1-31, 2025","$ 22,416.84 ",Televisa Univision,45,3,Yes,"Dec 01, 2025 10:22"
HC12-7800004,Outpost,PAID,"Dec 01, 2025","Dec 11, 2025","Dec 1-31, 2025","$ 8,400.00 ",Outpost,10,1,No,"Dec 01, 2025 10:22"
HC12-9510028,Fanatics Live,PAID,"Dec 01, 2025","Jan 15, 2026","Dec 1-31, 2025","$ 11,520.00 ",FC-PWCC-AT,45,1,No,"Dec 01, 2025 11:43"
HC12-4290006,Studio,OVERDUE,"Dec 01, 2025","Dec 31, 2025","Dec 1-31, 2025","$ 2,395.00 ",,30,1,No,"Jan 15, 2026 15:33"
HC12-8970004,FabFitFun,PAID,"Dec 01, 2025","Dec 29, 2025","Dec 1-31, 2025","$ 6,500.00 ",FabFitFun,28,1,No,"Dec 01, 2025 10:22"
HC12-1170004,Telly,PAID,"Dec 01, 2025","Dec 22, 2025","Dec 1-31, 2025","$ 34,400.00 ",Telly,21,1,No,"Dec 01, 2025 10:22"
HC12-8760047,Fanatics Collectibles,PAID,"Dec 01, 2025","Jan 15, 2026","Dec 1-31, 2025","$ 31,700.00 ",FC-ENG-NCF,45,1,No,"Dec 01, 2025 11:53"
HC12-8760048,Fanatics Collectibles,PAID,"Dec 01, 2025","Jan 15, 2026","Dec 1-31, 2025","$ 14,300.00 ",FC-TD-UX,45,1,No,"Dec 01, 2025 11:53"
HC12-3450005,Ritual,PAID,"Dec 01, 2025","Dec 31, 2025","Dec 1-31, 2025","$ 12,548.00 ",Ritual,30,2,Yes,"Dec 01, 2025 10:22"
HC11-5810016,RollBar Inc,PAID,"Nov 25, 2025","Nov 28, 2025","Nov 17-23, 2025",$ 543.25 ,-,3,1,No,"Nov 25, 2025 10:13"
HC11-8760036,Fanatics Collectibles,PAID,"Nov 24, 2025","Jan 08, 2026","Nov 1-30, 2025","$ 1,625.00 ",FC-SEC-LEG(24),45,1,No,"Nov 24, 2025 10:21"
HC11-7310008,Hello Noemie,PAID,"Nov 18, 2025","Nov 28, 2025","Nov 1-30, 2025",$ 326.47 ,,10,1,No,"Nov 18, 2025 12:45"
HC11-5810015,RollBar Inc,PAID,"Nov 18, 2025","Nov 21, 2025","Nov 10-16, 2025",$ 530.00 ,-,3,1,No,"Nov 18, 2025 11:22"
HC11-3180003,Chptr,PAID,"Nov 17, 2025","Nov 27, 2025","Nov 1-30, 2025","$ 2,150.00 ",Chptr,10,1,No,"Oct 31, 2025 10:11"
HC11-4170005,Tala,PAID,"Nov 17, 2025","Nov 27, 2025","Nov 1-30, 2025","$ 3,900.00 ",Tala,10,1,No,"Nov 04, 2025 16:14"
HC11-5810014,RollBar Inc,PAID,"Nov 11, 2025","Nov 14, 2025","Nov 3-9, 2025",$ 563.39 ,-,3,1,No,"Nov 11, 2025 10:17"
HC11-3910044,Sonder Holdings Inc,PAID,"Nov 07, 2025","Dec 07, 2025","Nov 1-30, 2025","($ 4,875.00)",,30,1,No,"Nov 10, 2025 12:55"
HC11-3910045,Sonder Holdings Inc,PAID,"Nov 07, 2025","Dec 07, 2025","Nov 1-30, 2025","($ 5,850.00)",,30,1,No,"Nov 10, 2025 12:54"
HC11-3910046,Sonder Holdings Inc,PAID,"Nov 07, 2025","Dec 07, 2025","Nov 1-30, 2025","($ 4,650.00)",,30,1,No,"Nov 10, 2025 12:53"
HC11-3910047,Sonder Holdings Inc,PAID,"Nov 07, 2025","Dec 07, 2025","Nov 1-30, 2025","($ 5,625.00)",,30,1,No,"Nov 10, 2025 12:53"
HC11-3910048,Sonder Holdings Inc,PAID,"Nov 07, 2025","Dec 07, 2025","Nov 1-30, 2025","($ 5,850.00)",,30,1,No,"Nov 10, 2025 12:52"
HC11-3910049,Sonder Holdings Inc,PAID,"Nov 07, 2025","Dec 07, 2025","Nov 1-30, 2025","($ 5,625.00)",,30,1,No,"Nov 10, 2025 12:52"
HC11-3910050,Sonder Holdings Inc,PAID,"Nov 07, 2025","Dec 07, 2025","Nov 1-30, 2025","($ 6,375.00)",,30,1,No,"Nov 10, 2025 12:51"
HC11-3910051,Sonder Holdings Inc,PAID,"Nov 07, 2025","Dec 07, 2025","Nov 1-30, 2025","($ 6,800.00)",,30,1,No,"Nov 10, 2025 12:51"
HC11-3910052,Sonder Holdings Inc,PAID,"Nov 07, 2025","Dec 07, 2025","Nov 1-30, 2025","($ 5,475.00)",,30,1,No,"Nov 10, 2025 12:52"
HC11-3910053,Sonder Holdings Inc,PAID,"Nov 07, 2025","Dec 07, 2025","Nov 1-30, 2025","($ 4,875.00)",,30,1,No,"Nov 10, 2025 12:54"
HC11-3910054,Sonder Holdings Inc,PAID,"Nov 07, 2025","Dec 07, 2025","Nov 1-30, 2025","($ 6,000.00)",,30,1,No,"Nov 10, 2025 12:58"
HC11-3910055,Sonder Holdings Inc,PAID,"Nov 07, 2025","Dec 07, 2025","Nov 1-30, 2025","($ 5,625.00)",,30,1,No,"Nov 10, 2025 12:57"
HC11-3910056,Sonder Holdings Inc,PAID,"Nov 07, 2025","Dec 07, 2025","Nov 1-30, 2025","($ 4,425.00)",,30,1,No,"Nov 10, 2025 12:54"
HC11-3910057,Sonder Holdings Inc,PAID,"Nov 07, 2025","Dec 07, 2025","Nov 1-30, 2025","($ 7,125.00)",,30,1,No,"Nov 10, 2025 15:02"
HC11-3840012,Jiffy,PAID,"Nov 05, 2025","Nov 30, 2025","Nov 1-30, 2025","$ 5,040.00 ",Jiffy,25,1,No,"Nov 05, 2025 11:10"
HC11-5810013,RollBar Inc,PAID,"Nov 04, 2025","Nov 07, 2025","Oct 27 - Nov 2, 2025",$ 618.51 ,-,3,1,No,"Nov 04, 2025 15:18"
HC11-3840011,Jiffy,PAID,"Nov 01, 2025","Nov 26, 2025","Nov 1-30, 2025","$ 65,400.00 ",Jiffy,25,1,No,"Oct 31, 2025 10:11"
HC11-7310007,Hello Noemie,PAID,"Nov 01, 2025","Nov 11, 2025","Nov 1-30, 2025",$ 866.94 ,Hello Noemie,10,2,Yes,"Oct 31, 2025 10:11"
HC11-5140003,Serve Robotics,PAID,"Nov 01, 2025","Nov 11, 2025","Nov 1-30, 2025","$ 22,300.00 ",Serve Robotics,10,1,No,"Oct 31, 2025 10:11"
HC11-9510017,Fanatics Live,PAID,"Nov 01, 2025","Dec 16, 2025","Nov 1-30, 2025","$ 11,520.00 ",FC-PWCC-AT,45,1,No,"Oct 31, 2025 10:11"
HC11-3910031,Sonder Holdings Inc,PAID,"Nov 01, 2025","Dec 01, 2025","Nov 1-30, 2025","$ 6,200.00 ",60043144,30,1,No,"Oct 31, 2025 10:11"
HC11-3910032,Sonder Holdings Inc,PAID,"Nov 01, 2025","Dec 01, 2025","Nov 1-30, 2025","$ 9,500.00 ",60049639,30,1,No,"Oct 31, 2025 10:11"
HC11-9510018,Fanatics Live,PAID,"Nov 01, 2025","Dec 16, 2025","Nov 1-30, 2025","$ 11,400.00 ",FC-LIVE-DH,45,1,No,"Oct 31, 2025 10:11"
HC11-3910033,Sonder Holdings Inc,PAID,"Nov 01, 2025","Dec 01, 2025","Nov 1-30, 2025","$ 5,900.00 ",60048517,30,1,No,"Oct 31, 2025 10:11"
HC11-9510019,Fanatics Live,PAID,"Nov 01, 2025","Dec 16, 2025","Nov 1-30, 2025","$ 8,000.00 ",FC-BIZ-OPS,45,1,No,"Oct 31, 2025 10:11"
HC11-8760025,Fanatics Collectibles,PAID,"Nov 01, 2025","Dec 16, 2025","Nov 1-30, 2025","$ 20,055.00 ",FC-DATA-DS,45,1,No,"Oct 31, 2025 10:11"
HC11-4290003,Studio,OVERDUE,"Nov 01, 2025","Dec 01, 2025","Nov 1-30, 2025","$ 19,100.00 ",,30,1,No,"Nov 12, 2025 11:35"
HC11-3910034,Sonder Holdings Inc,PAID,"Nov 01, 2025","Dec 01, 2025","Nov 1-30, 2025","$ 8,500.00 ",60028876,30,1,No,"Oct 31, 2025 10:11"
HC11-7800003,Outpost,PAID,"Nov 01, 2025","Nov 11, 2025","Nov 1-30, 2025","$ 8,400.00 ",Outpost,10,1,No,"Oct 31, 2025 10:11"
HC11-5620003,Commerce Casino & Hotel,PAID,"Nov 01, 2025","Nov 11, 2025","Nov 1-30, 2025","$ 3,590.00 ",Commerce Casino & Hotel,10,1,No,"Oct 31, 2025 10:11"
HC11-3910035,Sonder Holdings Inc,PAID,"Nov 01, 2025","Dec 01, 2025","Nov 1-30, 2025","$ 7,800.00 ",60047383,30,1,No,"Oct 31, 2025 10:11"
HC11-8760026,Fanatics Collectibles,PAID,"Nov 01, 2025","Dec 16, 2025","Nov 1-30, 2025","$ 17,100.00 ",FC-DATA-DE,45,1,No,"Oct 31, 2025 10:11"
HC11-9510020,Fanatics Live,PAID,"Nov 01, 2025","Dec 16, 2025","Nov 1-30, 2025","$ 45,360.00 ",FC-LIVE-DA,45,1,No,"Oct 31, 2025 10:11"
HC11-9510021,Fanatics Live,PAID,"Nov 01, 2025","Dec 16, 2025","Nov 1-30, 2025","$ 9,300.00 ",FC-DATA-DE,45,1,No,"Oct 31, 2025 10:11"
HC11-1830003,LA Foods,PAID,"Nov 01, 2025","Nov 22, 2025","Nov 1-30, 2025","$ 3,000.00 ",LA Foods,21,1,No,"Oct 31, 2025 10:11"
HC11-8760027,Fanatics Collectibles,PAID,"Nov 01, 2025","Dec 16, 2025","Nov 1-30, 2025","$ 25,590.00 ",FC-ENG-FIN,45,1,No,"Oct 31, 2025 10:11"
HC11-3910036,Sonder Holdings Inc,PAID,"Nov 01, 2025","Dec 01, 2025","Nov 1-30, 2025","$ 7,500.00 ",60042582,30,1,No,"Oct 31, 2025 10:11"
HC11-3180002,Chptr,PAID,"Nov 01, 2025","Nov 11, 2025","Nov 1-30, 2025","$ 3,300.00 ",Chptr,10,1,No,"Oct 31, 2025 10:11"
HC11-9420004,Televisa Univision,PAID,"Nov 01, 2025","Dec 16, 2025","Nov 1-30, 2025","$ 22,036.46 ",Televisa Univision,45,1,No,"Oct 31, 2025 12:20"
HC11-7410003,Offsiteio,PAID,"Nov 01, 2025","Dec 01, 2025","Nov 1-30, 2025","$ 4,125.00 ",,30,1,No,"Nov 12, 2025 11:24"
HC11-1020004,Recess,PAID,"Nov 01, 2025","Nov 16, 2025","Nov 1-30, 2025","$ 6,600.00 ",Recess,15,1,No,"Oct 31, 2025 10:11"
HC11-3910037,Sonder Holdings Inc,PAID,"Nov 01, 2025","Dec 01, 2025","Nov 1-30, 2025","$ 7,800.00 ",60035222,30,1,No,"Oct 31, 2025 10:11"
HC11-3910038,Sonder Holdings Inc,PAID,"Nov 01, 2025","Dec 01, 2025","Nov 1-30, 2025","$ 8,000.00 ",60059904,30,1,No,"Oct 31, 2025 10:11"
HC11-3450004,Ritual,PAID,"Nov 01, 2025","Dec 01, 2025","Nov 1-30, 2025","$ 10,920.00 ",Ritual,30,1,No,"Oct 31, 2025 10:11"
HC11-8760028,Fanatics Collectibles,PAID,"Nov 01, 2025","Dec 16, 2025","Nov 1-30, 2025","$ 14,300.00 ",FC-TD-UX,45,1,No,"Oct 31, 2025 10:11"
HC11-3910039,Sonder Holdings Inc,PAID,"Nov 01, 2025","Dec 01, 2025","Nov 1-30, 2025","$ 16,000.00 ",60031966,30,1,No,"Oct 31, 2025 10:11"
HC11-8760029,Fanatics Collectibles,PAID,"Nov 01, 2025","Dec 16, 2025","Nov 1-30, 2025","$ 13,945.65 ",FC-ENG-PLAT,45,1,No,"Oct 31, 2025 10:11"
HC11-5810012,RollBar Inc,PAID,"Nov 01, 2025","Nov 16, 2025","Nov 1-30, 2025","$ 7,725.00 ",RollBar Inc,15,1,No,"Oct 31, 2025 10:11"
HC11-2080003,Sports Info Solutions,PAID,"Nov 01, 2025","Nov 16, 2025","Nov 1-30, 2025","$ 8,840.00 ",Sports Info Solutions,15,1,No,"Oct 31, 2025 10:11"
HC11-3910040,Sonder Holdings Inc,PAID,"Nov 01, 2025","Dec 01, 2025","Nov 1-30, 2025","$ 7,500.00 ",60040420,30,1,No,"Oct 31, 2025 10:11"
HC11-4290004,Studio,OVERDUE,"Nov 01, 2025","Dec 01, 2025","Nov 1-30, 2025","$ 2,395.00 ",,30,1,No,"Nov 12, 2025 11:47"
HC11-8760030,Fanatics Collectibles,PAID,"Nov 01, 2025","Dec 16, 2025","Nov 1-30, 2025","$ 9,920.30 ",FC-PM-DATA,45,1,No,"Oct 31, 2025 10:11"
HC11-4170004,Tala,PAID,"Nov 01, 2025","Nov 11, 2025","Nov 1-30, 2025","$ 34,663.80 ",Tala,10,4,Yes,"Oct 31, 2025 10:11"
HC11-8760031,Fanatics Collectibles,PAID,"Nov 01, 2025","Dec 16, 2025","Nov 1-30, 2025","$ 15,650.00 ",FC-PM-NCF,45,1,No,"Oct 31, 2025 10:11"
HC11-9870003,Hiptrain,PAID,"Nov 01, 2025","Dec 01, 2025","Nov 1-30, 2025","$ 1,300.00 ",,30,1,No,"Nov 12, 2025 11:19"
HC11-3910041,Sonder Holdings Inc,PAID,"Nov 01, 2025","Dec 01, 2025","Nov 1-30, 2025","$ 6,500.00 ",60052981,30,1,No,"Oct 31, 2025 10:11"
HC11-3910042,Sonder Holdings Inc,PAID,"Nov 01, 2025","Dec 01, 2025","Nov 1-30, 2025","$ 7,300.00 ",60040174,30,1,No,"Oct 31, 2025 10:11"
HC11-8760032,Fanatics Collectibles,PAID,"Nov 01, 2025","Dec 16, 2025","Nov 1-30, 2025","$ 7,700.00 ",FC-PM-TECH,45,1,No,"Oct 31, 2025 10:11"
HC11-9030003,Music Infra,PAID,"Nov 01, 2025","Nov 22, 2025","Nov 1-30, 2025","$ 8,300.00 ",Music Infra,21,1,No,"Oct 31, 2025 10:11"
HC11-3710003,"Aura Intelligence, Inc",PAID,"Nov 01, 2025","Nov 11, 2025","Nov 1-30, 2025","$ 31,760.00 ","Aura Intelligence, Inc",10,1,No,"Oct 31, 2025 10:11"
HC11-9510022,Fanatics Live,PAID,"Nov 01, 2025","Dec 16, 2025","Nov 1-30, 2025","$ 18,750.00 ",FC-LIVE-DE,45,1,No,"Oct 31, 2025 10:11"
HC11-8760033,Fanatics Collectibles,PAID,"Nov 01, 2025","Dec 16, 2025","Nov 1-30, 2025","$ 27,840.00 ",FC-PP-RET,45,1,No,"Oct 31, 2025 10:11"
HC11-3910043,Sonder Holdings Inc,PAID,"Nov 01, 2025","Dec 01, 2025","Nov 1-30, 2025","$ 6,500.00 ",60048405,30,1,No,"Oct 31, 2025 10:11"
HC11-8970003,FabFitFun,PAID,"Nov 01, 2025","Nov 29, 2025","Nov 1-30, 2025","$ 6,500.00 ",FabFitFun,28,1,No,"Oct 31, 2025 10:11"
HC11-8760034,Fanatics Collectibles,PAID,"Nov 01, 2025","Dec 16, 2025","Nov 1-30, 2025","$ 6,500.00 ",FC-PM-PLAT,45,1,No,"Oct 31, 2025 10:11"
HC11-8760035,Fanatics Collectibles,PAID,"Nov 01, 2025","Dec 16, 2025","Nov 1-30, 2025","$ 31,719.98 ",FC-ENG-NCF,45,1,No,"Oct 31, 2025 10:11"
HC11-1170003,Telly,PAID,"Nov 01, 2025","Nov 22, 2025","Nov 1-30, 2025","$ 34,633.06 ",Telly,21,1,No,"Oct 31, 2025 10:11"
HC10-5810011,RollBar Inc,PAID,"Oct 28, 2025","Oct 31, 2025","Oct 20-26, 2025",$ 568.16 ,-,3,1,No,"Oct 28, 2025 10:10"
HC10-3840010,Jiffy,PAID,"Oct 27, 2025","Nov 21, 2025","Oct 1-31, 2025","($ 3,229.24)",,25,1,No,"Oct 27, 2025 10:32"
HC10-5810010,RollBar Inc,PAID,"Oct 21, 2025","Oct 24, 2025","Oct 13-19, 2025",$ 298.39 ,-,3,1,No,"Oct 21, 2025 11:37"
HC10-3840009,Jiffy,PAID,"Oct 21, 2025","Nov 15, 2025","Oct 1-31, 2025","$ 2,520.00 ",Jiffy,25,1,No,"Oct 20, 2025 09:55"
HC10-1020003,Recess,PAID,"Oct 20, 2025","Nov 04, 2025","Oct 1-31, 2025","$ 1,217.39 ",Recess,15,1,No,"Oct 08, 2025 18:22"
HC10-3840008,Jiffy,PAID,"Oct 20, 2025","Nov 14, 2025","Oct 1-31, 2025","$ 5,735.65 ",Jiffy,25,1,No,"Oct 20, 2025 09:55"
HC10-5810009,RollBar Inc,PAID,"Oct 14, 2025","Oct 17, 2025","Oct 6-12, 2025",$ 541.66 ,-,3,1,No,"Oct 14, 2025 10:30"
HC10-4170003,Tala,PAID,"Oct 13, 2025","Oct 23, 2025","Oct 1-31, 2025","$ 2,325.00 ",Tala,10,3,Yes,"Sep 30, 2025 10:22"
HC10-9510016,Fanatics Live,PAID,"Oct 13, 2025","Nov 27, 2025","Oct 1-31, 2025","$ 4,108.70 ",Fanatics Live,45,1,No,"Sep 30, 2025 10:08"
HC10-9510015,Fanatics Live,PAID,"Oct 09, 2025","Nov 23, 2025","Oct 1-31, 2025","$ 2,801.35 ",,45,1,No,"Oct 09, 2025 12:00"
HC10-3840007,Jiffy,PAID,"Oct 09, 2025","Nov 03, 2025","Oct 1-31, 2025","$ 1,052.79 ",,25,1,No,"Oct 09, 2025 10:21"
HC10-8760024,Fanatics Collectibles,PAID,"Oct 09, 2025","Nov 23, 2025","Oct 1-31, 2025","$ 2,738.50 ",,45,1,No,"Oct 09, 2025 12:02"
HC10-7310006,Hello Noemie,PAID,"Oct 08, 2025","Oct 18, 2025","Sep 29 - Oct 5, 2025",$ 130.00 ,,10,1,No,"Oct 08, 2025 15:15"
HC10-5810008,RollBar Inc,PAID,"Oct 08, 2025","Oct 11, 2025","Sep 29 - Oct 5, 2025",$ 581.94 ,-,3,1,No,"Oct 08, 2025 11:01"
HC10-3840006,Jiffy,PAID,"Oct 08, 2025","Nov 02, 2025","Oct 1-31, 2025","$ 16,278.26 ",Jiffy,25,1,No,"Oct 06, 2025 10:44"
HC10-3840005,Jiffy,PAID,"Oct 06, 2025","Oct 31, 2025","Oct 1-31, 2025","$ 17,773.91 ",Jiffy,25,1,No,"Oct 06, 2025 10:44"
HC10-8760023,Fanatics Collectibles,PAID,"Oct 06, 2025","Nov 20, 2025","Oct 1-31, 2025","$ 6,608.70 ",FC-DATA-DE(06),45,1,No,"Oct 06, 2025 10:31"
HC10-3910022,Sonder Holdings Inc,PAID,"Oct 01, 2025","Oct 31, 2025","Oct 1-31, 2025","$ 7,800.00 ",60047383,30,1,No,"Sep 30, 2025 10:08"
HC10-3910024,Sonder Holdings Inc,PAID,"Oct 01, 2025","Oct 31, 2025","Oct 1-31, 2025","$ 6,000.00 ",60047321,30,1,No,"Sep 30, 2025 10:08"
HC10-7410002,Offsiteio,PAID,"Oct 01, 2025","Oct 31, 2025","Oct 1-31, 2025","$ 4,125.00 ",,30,1,No,"Nov 12, 2025 11:23"
HC10-5810007,RollBar Inc,PAID,"Oct 01, 2025","Oct 16, 2025","Oct 1-31, 2025","$ 7,725.00 ",RollBar Inc,15,1,No,"Sep 30, 2025 10:08"
HC10-3910019,Sonder Holdings Inc,PAID,"Oct 01, 2025","Oct 31, 2025","Oct 1-31, 2025","$ 7,800.00 ",60035222,30,1,No,"Sep 30, 2025 10:08"
HC10-8760013,Fanatics Collectibles,PAID,"Oct 01, 2025","Nov 15, 2025","Oct 1-31, 2025","$ 15,650.00 ",FC-PM-NCF,45,1,No,"Sep 30, 2025 10:08"
HC10-9420003,Televisa Univision,PAID,"Oct 01, 2025","Nov 15, 2025","Oct 1-31, 2025","$ 4,887.96 ",,45,1,No,"Oct 13, 2025 16:11"
HC10-8760012,Fanatics Collectibles,PAID,"Oct 01, 2025","Nov 15, 2025","Oct 1-31, 2025","$ 7,700.00 ",FC-PM-TECH,45,1,No,"Sep 30, 2025 10:08"
HC10-3910025,Sonder Holdings Inc,PAID,"Oct 01, 2025","Oct 31, 2025","Oct 1-31, 2025","$ 6,200.00 ",60043144,30,1,No,"Sep 30, 2025 10:08"
HC10-5140002,Serve Robotics,PAID,"Oct 01, 2025","Oct 11, 2025","Oct 1-31, 2025","$ 22,300.00 ",Serve Robotics,10,1,No,"Sep 30, 2025 10:08"
HC10-7800002,Outpost,PAID,"Oct 01, 2025","Oct 11, 2025","Oct 1-31, 2025","$ 8,400.00 ",Outpost,10,1,No,"Sep 30, 2025 11:56"
HC10-9420002,Televisa Univision,PAID,"Oct 01, 2025","Nov 15, 2025","Oct 1-31, 2025","$ 21,098.12 ",Televisa Univision,45,5,Yes,"Oct 01, 2025 10:22"
HC10-4290002,Studio,OVERDUE,"Oct 01, 2025","Oct 31, 2025","Nov 1-30, 2025","$ 2,395.00 ",,30,1,No,"Nov 12, 2025 11:45"
HC10-8760018,Fanatics Collectibles,PAID,"Oct 01, 2025","Nov 15, 2025","Oct 1-31, 2025","$ 14,300.00 ",FC-TD-UX,45,1,No,"Sep 30, 2025 10:08"
HC10-3910026,Sonder Holdings Inc,PAID,"Oct 01, 2025","Oct 31, 2025","Oct 1-31, 2025","$ 9,500.00 ",60049639,30,1,No,"Sep 30, 2025 10:08"
HC10-4290001,Studio,OVERDUE,"Oct 01, 2025","Oct 31, 2025","Oct 1-31, 2025","$ 19,100.00 ",,30,1,No,"Nov 12, 2025 11:33"
HC10-8760014,Fanatics Collectibles,PAID,"Oct 01, 2025","Nov 15, 2025","Oct 1-31, 2025","$ 25,250.00 ",FC-ENG-PLAT,45,1,No,"Sep 30, 2025 10:08"
HC10-3180001,Chptr,PAID,"Oct 01, 2025","Oct 11, 2025","Oct 1-31, 2025","$ 3,450.00 ",Chptr,10,1,No,"Sep 30, 2025 10:08"
HC10-1020002,Recess,PAID,"Oct 01, 2025","Oct 16, 2025","Oct 1-31, 2025","$ 3,800.00 ",Recess,15,1,No,"Sep 30, 2025 10:08"
HC10-8970002,FabFitFun,PAID,"Oct 01, 2025","Oct 29, 2025","Oct 1-31, 2025","$ 6,500.00 ",FabFitFun,28,1,No,"Sep 30, 2025 10:08"
HC10-2080002,Sports Info Solutions,PAID,"Oct 01, 2025","Oct 16, 2025","Oct 1-31, 2025","$ 8,840.00 ",Sports Info Solutions,15,1,No,"Sep 30, 2025 10:08"
HC10-3910029,Sonder Holdings Inc,PAID,"Oct 01, 2025","Oct 31, 2025","Oct 1-31, 2025","$ 6,500.00 ",60052981,30,1,No,"Sep 30, 2025 10:08"
HC10-8760017,Fanatics Collectibles,PAID,"Oct 01, 2025","Nov 15, 2025","Oct 1-31, 2025","$ 31,700.00 ",FC-ENG-NCF,45,1,No,"Sep 30, 2025 10:08"
HC10-4170002,Tala,PAID,"Oct 01, 2025","Oct 11, 2025","Oct 1-31, 2025","$ 33,640.00 ",Tala,10,2,Yes,"Sep 30, 2025 10:08"
HC10-9510010,Fanatics Live,PAID,"Oct 01, 2025","Nov 15, 2025","Oct 1-31, 2025","$ 36,895.65 ",FC-LIVE-DA,45,1,No,"Sep 30, 2025 10:08"
HC10-3910028,Sonder Holdings Inc,PAID,"Oct 01, 2025","Oct 31, 2025","Oct 1-31, 2025","$ 7,500.00 ",60040420,30,1,No,"Sep 30, 2025 10:08"
HC10-9510011,Fanatics Live,PAID,"Oct 01, 2025","Nov 15, 2025","Oct 1-31, 2025","$ 11,520.00 ",FC-PWCC-AT,45,1,No,"Sep 30, 2025 10:08"
HC10-8760015,Fanatics Collectibles,PAID,"Oct 01, 2025","Nov 15, 2025","Oct 1-31, 2025","$ 20,055.00 ",FC-DATA-DS,45,1,No,"Sep 30, 2025 10:08"
HC10-9030002,Music Infra,PAID,"Oct 01, 2025","Oct 22, 2025","Oct 1-31, 2025","$ 9,965.34 ",Music Infra,21,1,No,"Sep 30, 2025 10:08"
HC10-3910018,Sonder Holdings Inc,PAID,"Oct 01, 2025","Oct 31, 2025","Oct 1-31, 2025","$ 8,500.00 ",60028876,30,1,No,"Sep 30, 2025 10:08"
HC10-5620002,Commerce Casino & Hotel,PAID,"Oct 01, 2025","Oct 11, 2025","Oct 1-31, 2025","$ 3,590.00 ",Commerce Casino & Hotel,10,1,No,"Sep 30, 2025 10:08"
HC10-9510013,Fanatics Live,PAID,"Oct 01, 2025","Nov 15, 2025","Oct 1-31, 2025","$ 11,400.00 ",FC-LIVE-DH,45,1,No,"Sep 30, 2025 10:08"
HC10-8760019,Fanatics Collectibles,PAID,"Oct 01, 2025","Nov 15, 2025","Oct 1-31, 2025","$ 9,000.00 ",FC-PM-DATA,45,1,No,"Sep 30, 2025 10:08"
HC10-1170002,Telly,PAID,"Oct 01, 2025","Oct 22, 2025","Oct 1-31, 2025","$ 35,165.00 ",Telly,21,1,No,"Sep 30, 2025 10:08"
HC10-3910020,Sonder Holdings Inc,PAID,"Oct 01, 2025","Oct 31, 2025","Oct 1-31, 2025","$ 7,300.00 ",60040174,30,1,No,"Sep 30, 2025 10:08"
HC10-3450003,Ritual,PAID,"Oct 01, 2025","Oct 31, 2025","Oct 1-31, 2025","$ 12,659.00 ",Ritual,30,2,Yes,"Sep 30, 2025 10:08"
HC10-3910030,Sonder Holdings Inc,PAID,"Oct 01, 2025","Oct 31, 2025","Oct 1-31, 2025","$ 8,000.00 ",60059904,30,1,No,"Sep 30, 2025 10:08"
HC10-8760020,Fanatics Collectibles,PAID,"Oct 01, 2025","Nov 15, 2025","Oct 1-31, 2025","$ 6,500.00 ",FC-PM-PLAT,45,1,No,"Sep 30, 2025 10:08"
HC10-9870002,Hiptrain,PAID,"Oct 01, 2025","Oct 31, 2025","Oct 1-31, 2025","$ 1,300.00 ",,30,1,No,"Nov 12, 2025 11:17"
HC10-7310005,Hello Noemie,PAID,"Oct 01, 2025","Oct 11, 2025","Oct 1-31, 2025",$ 938.16 ,Hello Noemie,10,2,Yes,"Sep 30, 2025 10:08"
HC10-3910021,Sonder Holdings Inc,PAID,"Oct 01, 2025","Oct 31, 2025","Oct 1-31, 2025","$ 5,900.00 ",60048517,30,1,No,"Sep 30, 2025 10:08"
HC10-8760021,Fanatics Collectibles,PAID,"Oct 01, 2025","Nov 15, 2025","Oct 1-31, 2025","$ 9,500.00 ",FC-DATA-DE,45,1,No,"Sep 30, 2025 10:08"
HC10-8760022,Fanatics Collectibles,PAID,"Oct 01, 2025","Nov 15, 2025","Oct 1-31, 2025","$ 25,590.00 ",FC-ENG-FIN,45,1,No,"Sep 30, 2025 10:08"
HC10-3910017,Sonder Holdings Inc,PAID,"Oct 01, 2025","Oct 31, 2025","Oct 1-31, 2025","$ 16,000.00 ",60031966,30,1,No,"Sep 30, 2025 10:08"
HC10-9510014,Fanatics Live,PAID,"Oct 01, 2025","Nov 15, 2025","Oct 1-31, 2025","$ 18,750.00 ",FC-LIVE-DE,45,1,No,"Sep 30, 2025 10:08"
HC10-8760016,Fanatics Collectibles,PAID,"Oct 01, 2025","Nov 15, 2025","Oct 1-31, 2025","$ 27,840.00 ",FC-PP-RET,45,1,No,"Sep 30, 2025 10:08"
HC10-3840004,Jiffy,PAID,"Oct 01, 2025","Oct 26, 2025","Oct 1-31, 2025","$ 23,788.00 ",Jiffy,25,2,Yes,"Sep 30, 2025 10:08"
HC10-3710002,"Aura Intelligence, Inc",PAID,"Oct 01, 2025","Oct 11, 2025","Oct 1-31, 2025","$ 28,619.30 ","Aura Intelligence, Inc",10,2,Yes,"Sep 30, 2025 10:08"
HC10-1830002,LA Foods,PAID,"Oct 01, 2025","Oct 22, 2025","Oct 1-31, 2025","$ 3,000.00 ",LA Foods,21,1,No,"Sep 30, 2025 10:08"
HC10-9510012,Fanatics Live,PAID,"Oct 01, 2025","Nov 15, 2025","Oct 1-31, 2025","$ 9,300.00 ",FC-DATA-DE,45,1,No,"Sep 30, 2025 10:08"
HC10-9510009,Fanatics Live,PAID,"Oct 01, 2025","Nov 15, 2025","Oct 1-31, 2025","$ 8,000.00 ",FC-BIZ-OPS,45,1,No,"Sep 30, 2025 10:08"
HC10-3910023,Sonder Holdings Inc,PAID,"Oct 01, 2025","Oct 31, 2025","Oct 1-31, 2025","$ 6,500.00 ",60048405,30,1,No,"Sep 30, 2025 10:08"
HC10-3910027,Sonder Holdings Inc,PAID,"Oct 01, 2025","Oct 31, 2025","Oct 1-31, 2025","$ 7,500.00 ",60042582,30,1,No,"Sep 30, 2025 10:08"
HC09-7310004,Hello Noemie,PAID,"Sep 30, 2025","Oct 03, 2025","Sep 22-28, 2025",$ 0.00 ,-,3,2,Yes,"Sep 30, 2025 10:15"
HC09-5810006,RollBar Inc,PAID,"Sep 30, 2025","Oct 03, 2025","Sep 22-28, 2025",$ 596.25 ,-,3,1,No,"Sep 30, 2025 10:14"
HC09-3480004,Spur,PAID,"Sep 23, 2025","Sep 26, 2025","Sep 15-21, 2025","$ 1,720.00 ",,3,1,No,"Sep 23, 2025 10:14"
HC09-5810005,RollBar Inc,PAID,"Sep 23, 2025","Sep 26, 2025","Sep 15-21, 2025",$ 589.36 ,-,3,1,No,"Sep 23, 2025 10:21"
HC09-7310003,Hello Noemie,PAID,"Sep 23, 2025","Sep 26, 2025","Sep 15-21, 2025",$ 130.00 ,-,3,1,No,"Sep 23, 2025 10:25"
HC09-9510007,Fanatics Live,PAID,"Sep 22, 2025","Nov 06, 2025","Sep 1-30, 2025",$ 814.54 ,FC-PWCC-AT(22),45,,No,"Sep 15, 2025 10:38"
HC09-9510008,Fanatics Live,PAID,"Sep 22, 2025","Nov 06, 2025","Sep 1-30, 2025","$ 1,750.00 ",FC-LIVE-DA(22),45,,No,"Sep 15, 2025 10:34"
HC09-3840003,Jiffy,PAID,"Sep 22, 2025","Oct 17, 2025","Sep 1-30, 2025","$ 2,016.00 ",Jiffy,25,1,No,"Sep 22, 2025 10:54"
HC09-5810003,RollBar Inc,PAID,"Sep 16, 2025","Sep 19, 2025","Sep 1-7, 2025",$ 424.00 ,-,3,1,No,"Sep 16, 2025 10:21"
HC09-7310002,Hello Noemie,PAID,"Sep 16, 2025","Sep 19, 2025","Sep 8-14, 2025",$ 260.00 ,-,3,1,No,"Sep 16, 2025 10:38"
HC09-3480003,Spur,PAID,"Sep 16, 2025","Sep 19, 2025","Sep 8-14, 2025","$ 1,720.00 ",-,3,1,No,"Sep 16, 2025 10:14"
HC09-5810004,RollBar Inc,PAID,"Sep 16, 2025","Sep 19, 2025","Sep 8-14, 2025",$ 536.36 ,-,3,1,No,"Sep 16, 2025 10:22"
HC09-3910016,Sonder Holdings Inc,PAID,"Sep 15, 2025","Oct 15, 2025","Sep 1-30, 2025","$ 4,363.64 ",60059904(15),30,,No,"Sep 16, 2025 15:26"
HC09-3480002,Spur,PAID,"Sep 09, 2025","Sep 12, 2025","Sep 1-7, 2025","$ 1,720.00 ",-,3,1,No,"Sep 09, 2025 10:41"
HC09-3840002,Jiffy,PAID,"Sep 09, 2025","Oct 04, 2025","Sep 1-30, 2025","$ 1,973.93 ",Jiffy,25,1,No,"Sep 09, 2025 10:29"
HC09-3450002,Ritual,PAID,"Sep 08, 2025","Oct 08, 2025","Sep 1-30, 2025","$ 6,722.73 ",Ritual,30,1,No,"Sep 05, 2025 14:57"
HC08-5810002,RollBar Inc,PAID,"Sep 02, 2025","Sep 05, 2025","Aug 25-31, 2025",$ 535.30 ,-,3,1,No,"Sep 02, 2025 12:00"
HC09-3450001,Ritual,PAID,"Sep 02, 2025","Oct 02, 2025","Sep 1-30, 2025",$ 925.00 ,Ritual,30,,No,"Sep 05, 2025 15:00"
HC08-3480001,Spur,PAID,"Sep 02, 2025","Sep 05, 2025","Aug 25-31, 2025","$ 1,720.00 ",-,3,1,No,"Sep 02, 2025 11:53"
HC09-8760001,Fanatics Collectibles,PAID,"Sep 01, 2025","Oct 16, 2025","Sep 1-30, 2025","$ 7,700.00 ",FC-PM-TECH,45,1,No,"Aug 29, 2025 16:57"
HC09-1830001,LA Foods,PAID,"Sep 01, 2025","Sep 22, 2025","Sep 1-30, 2025","$ 3,000.00 ",LA Foods,21,1,No,"Aug 29, 2025 17:08"
HC09-7800001,Outpost,PAID,"Sep 01, 2025","Sep 11, 2025","Sep 1-30, 2025","$ 8,400.00 ",Outpost,10,1,No,"Aug 29, 2025 17:12"
HC09-3910003,Sonder Holdings Inc,PAID,"Sep 01, 2025","Oct 01, 2025","Sep 1-30, 2025","$ 1,516.32 ",60030100,30,,No,"Aug 29, 2025 11:26"
HC09-5810001,RollBar Inc,PAID,"Sep 01, 2025","Sep 16, 2025","Sep 1-30, 2025","$ 7,725.00 ",RollBar Inc,15,1,No,"Aug 29, 2025 10:53"
HC09-3910001,Sonder Holdings Inc,PAID,"Sep 01, 2025","Oct 01, 2025","Sep 1-30, 2025","$ 14,977.27 ",60031966,30,1,No,"Aug 29, 2025 10:52"
HC09-4170001,Tala,PAID,"Sep 01, 2025","Sep 11, 2025","Sep 1-30, 2025","$ 35,074.00 ",Tala,10,1,No,"Sep 01, 2025 10:37"
HC09-3910004,Sonder Holdings Inc,PAID,"Sep 01, 2025","Oct 01, 2025","Sep 1-30, 2025","$ 7,800.00 ",60035222,30,1,No,"Aug 29, 2025 10:52"
HC09-9070001,ABK Labs,PAID,"Sep 01, 2025","Sep 11, 2025","Sep 1-30, 2025","$ 4,150.00 ",ABK Labs,10,1,No,"Sep 02, 2025 12:14"
HC09-8970001,FabFitFun,PAID,"Sep 01, 2025","Sep 29, 2025","Sep 1-30, 2025","$ 6,500.00 ",FabFitFun,28,1,No,"Aug 29, 2025 10:52"
HC09-8760002,Fanatics Collectibles,PAID,"Sep 01, 2025","Oct 16, 2025","Sep 1-30, 2025","$ 15,650.00 ",FC-PM-NCF,45,1,No,"Aug 29, 2025 16:57"
HC09-5620001,Commerce Casino & Hotel,PAID,"Sep 01, 2025","Sep 11, 2025","Sep 1-30, 2025","$ 3,590.00 ",Commerce Casino & Hotel,10,1,No,"Sep 01, 2025 12:00"
HC09-3710001,"Aura Intelligence, Inc",PAID,"Sep 01, 2025","Sep 11, 2025","Sep 1-30, 2025","$ 27,246.00 ","Aura Intelligence, Inc",10,1,No,"Sep 01, 2025 12:29"
HC09-9510001,Fanatics Live,PAID,"Sep 01, 2025","Oct 16, 2025","Sep 1-30, 2025","$ 8,000.00 ",FC-BIZ-OPS,45,1,No,"Aug 29, 2025 16:58"
HC09-8760003,Fanatics Collectibles,PAID,"Sep 01, 2025","Oct 16, 2025","Sep 1-30, 2025","$ 25,250.00 ",FC-ENG-PLAT,45,1,No,"Aug 29, 2025 16:57"
HC09-7310001,Hello Noemie,PAID,"Sep 01, 2025","Sep 11, 2025","Sep 1-30, 2025",$ 900.00 ,Hello Noemie,10,1,No,"Aug 29, 2025 15:36"
HC09-5550001,Ntrvsta,SENT,"Sep 01, 2025","Sep 11, 2025","Sep 1-30, 2025","$ 6,500.00 ",Ntrvsta,10,,No,"Sep 17, 2025 10:38"
HC09-8760004,Fanatics Collectibles,PAID,"Sep 01, 2025","Oct 16, 2025","Sep 1-30, 2025","$ 11,955.00 ",FC-DATA-DS,45,1,No,"Aug 29, 2025 16:57"
HC09-1170001,Telly,PAID,"Sep 01, 2025","Sep 22, 2025","Sep 1-30, 2025","$ 34,400.00 ",Telly,21,1,No,"Sep 01, 2025 11:56"
HC09-9420001,Televisa Univision,PAID,"Sep 01, 2025","Oct 16, 2025","Sep 1-30, 2025","$ 19,344.84 ",Televisa Univision,45,1,No,"Aug 29, 2025 15:55"
HC09-1020001,Recess,PAID,"Sep 01, 2025","Sep 16, 2025","Sep 1-30, 2025","$ 3,800.00 ",Recess,15,1,No,"Sep 01, 2025 11:53"
HC09-2080001,Sports Info Solutions,PAID,"Sep 01, 2025","Sep 16, 2025","Sep 1-30, 2025","$ 8,840.00 ",Sports Info Solutions,15,1,No,"Aug 29, 2025 10:52"
HC09-9510002,Fanatics Live,PAID,"Sep 01, 2025","Oct 16, 2025","Sep 1-30, 2025","$ 29,538.10 ",FC-LIVE-DA,45,1,No,"Aug 29, 2025 16:58"
HC09-9510003,Fanatics Live,PAID,"Sep 01, 2025","Oct 16, 2025","Sep 1-30, 2025","$ 8,960.00 ",FC-PWCC-AT,45,1,No,"Aug 29, 2025 16:58"
HC09-8760005,Fanatics Collectibles,PAID,"Sep 01, 2025","Oct 16, 2025","Sep 1-30, 2025","$ 27,840.00 ",FC-PP-RET,45,1,No,"Aug 29, 2025 16:57"
HC09-3840001,Jiffy,PAID,"Sep 01, 2025","Sep 26, 2025","Sep 1-30, 2025","$ 22,982.50 ",Jiffy,25,3,Yes,"Sep 09, 2025 10:32"
HC09-3910006,Sonder Holdings Inc,PAID,"Sep 01, 2025","Oct 01, 2025","Sep 1-30, 2025","$ 5,900.00 ",60048517,30,1,No,"Aug 29, 2025 10:52"
HC09-3910007,Sonder Holdings Inc,PAID,"Sep 01, 2025","Oct 01, 2025","Sep 1-30, 2025","$ 7,800.00 ",60047383,30,1,No,"Aug 29, 2025 10:52"
HC09-7410001,Offsiteio,PAID,"Sep 01, 2025","Oct 01, 2025","Sep 1-30, 2025","$ 4,125.00 ",,30,1,No,"Sep 29, 2025 10:35"
HC09-8760006,Fanatics Collectibles,PAID,"Sep 01, 2025","Oct 16, 2025","Sep 1-30, 2025","$ 31,700.00 ",FC-ENG-NCF,45,1,No,"Aug 29, 2025 16:57"
HC09-9870001,Hiptrain,PAID,"Sep 01, 2025","Oct 01, 2025","Sep 1-30, 2025","$ 1,300.00 ",,30,1,No,"Sep 29, 2025 10:42"
HC09-2410001,RestHire,PAID,"Sep 01, 2025","Sep 16, 2025","Sep 1-30, 2025","$ 4,654.55 ",RestHire,15,1,No,"Aug 29, 2025 10:52"
HC09-9030001,Music Infra,PAID,"Sep 01, 2025","Sep 22, 2025","Sep 1-30, 2025","$ 10,222.11 ",Music Infra,21,1,No,"Aug 29, 2025 10:53"
HC09-3910008,Sonder Holdings Inc,PAID,"Sep 01, 2025","Oct 01, 2025","Sep 1-30, 2025","$ 6,500.00 ",60048405,30,1,No,"Aug 29, 2025 10:52"
HC09-9510004,Fanatics Live,PAID,"Sep 01, 2025","Oct 16, 2025","Sep 1-30, 2025","$ 9,300.00 ",FC-DATA-DE,45,1,No,"Aug 29, 2025 16:58"
HC09-8760007,Fanatics Collectibles,PAID,"Sep 01, 2025","Oct 16, 2025","Sep 1-30, 2025","$ 14,300.00 ",FC-TD-UX,45,1,No,"Aug 29, 2025 16:57"
HC09-3910009,Sonder Holdings Inc,PAID,"Sep 01, 2025","Oct 01, 2025","Sep 1-30, 2025","$ 6,000.00 ",60047321,30,1,No,"Aug 29, 2025 10:52"
HC09-3910010,Sonder Holdings Inc,PAID,"Sep 01, 2025","Oct 01, 2025","Sep 1-30, 2025","$ 6,200.00 ",60043144,30,1,No,"Aug 29, 2025 10:52"
HC09-4290001,Studio,OVERDUE,"Sep 01, 2025","Oct 01, 2025","Sep 1-30, 2025","$ 19,100.00 ",,30,1,No,"Sep 29, 2025 10:39"
HC09-3910005,Sonder Holdings Inc,PAID,"Sep 01, 2025","Oct 01, 2025","Sep 1-30, 2025","$ 7,300.00 ",60040174,30,1,No,"Aug 29, 2025 10:52"
HC09-3910011,Sonder Holdings Inc,PAID,"Sep 01, 2025","Oct 01, 2025","Sep 1-30, 2025","$ 9,500.00 ",60049639,30,1,No,"Aug 29, 2025 10:52"
HC09-3910002,Sonder Holdings Inc,PAID,"Sep 01, 2025","Oct 01, 2025","Sep 1-30, 2025","$ 8,500.00 ",60028876,30,1,No,"Aug 29, 2025 10:52"
HC09-9510005,Fanatics Live,PAID,"Sep 01, 2025","Oct 16, 2025","Sep 1-30, 2025","$ 11,400.00 ",FC-LIVE-DH,45,1,No,"Aug 29, 2025 16:58"
HC09-8760008,Fanatics Collectibles,PAID,"Sep 01, 2025","Oct 16, 2025","Sep 1-30, 2025","$ 9,000.00 ",FC-PM-DATA,45,1,No,"Aug 29, 2025 16:57"
HC09-8760009,Fanatics Collectibles,PAID,"Sep 01, 2025","Oct 16, 2025","Sep 1-30, 2025","$ 6,500.00 ",FC-PM-PLAT,45,1,No,"Aug 29, 2025 16:57"
HC09-9510006,Fanatics Live,PAID,"Sep 01, 2025","Oct 16, 2025","Sep 1-30, 2025","$ 20,568.18 ",FC-LIVE-DE,45,1,No,"Aug 29, 2025 16:58"
HC09-8760010,Fanatics Collectibles,PAID,"Sep 01, 2025","Oct 16, 2025","Sep 1-30, 2025","$ 9,500.00 ",FC-DATA-DE,45,1,No,"Aug 29, 2025 16:57"
HC09-3910014,Sonder Holdings Inc,PAID,"Sep 01, 2025","Oct 01, 2025","Sep 1-30, 2025","$ 6,204.55 ",60052981,30,1,No,"Aug 29, 2025 10:52"
HC09-5140001,Serve Robotics,PAID,"Sep 01, 2025","Sep 11, 2025","Sep 1-30, 2025","$ 22,300.00 ",Serve Robotics,10,1,No,"Sep 01, 2025 11:49"
HC09-3910012,Sonder Holdings Inc,PAID,"Sep 01, 2025","Oct 01, 2025","Sep 1-30, 2025","$ 7,500.00 ",60042582,30,1,No,"Aug 29, 2025 10:52"
HC09-3910013,Sonder Holdings Inc,PAID,"Sep 01, 2025","Oct 01, 2025","Sep 1-30, 2025","$ 7,500.00 ",60040420,30,1,No,"Aug 29, 2025 10:52"
HC09-8760011,Fanatics Collectibles,PAID,"Sep 01, 2025","Oct 16, 2025","Sep 1-30, 2025","$ 25,590.00 ",FC-ENG-FIN,45,1,No,"Aug 29, 2025 16:57"
HC09-4290002,Studio,OVERDUE,"Sep 01, 2025","Oct 01, 2025","Sep 1-30, 2025","$ 2,395.00 ",,30,1,No,"Sep 29, 2025 10:41"